RUN,EXCODE,TN,RN,CR,ADAPS,ADAPM,PD1PS,PD1PM,PDFPS,PDFPM,MDAPS,MDAPM,HWAMS,HWAMM,PWAMS,PWAMM,H#AMS,H#AMM,HWUMS,HWUMM,H#UMS,H#UMM,CWAMS,CWAMM,BWAMS,BWAMM,LAIXS,LAIXM,HIAMS,HIAMM,THAMS,THAMM,GNAMS,GNAMM,CNAMS,CNAMM,SNAMS,SNAMM,GN%MS,GN%MM,CWAAS,CWAAM,CNAAS,CNAAM,L#SMS,L#SMM,GL%MS,GL%MM,CHTAS,CHTAM,R8APS,R8APM,EDAPS,EDAPM,region,idRun,simulacao
1,EMEP1403BN,2,1,BN,40,42,45,48,51,62,74,82,2133,1997,2696,2923,905,1258,0.2356,0.17,4.26,5.52,4006,3204,1870,-99,4.28,6.26,0.532,0.62,79.10,72.7,75,-99,100,-99,12,-99,3.51,-99,1065,1349,37,-99,11.69,-99,2.98,-99,0.92,-99,83,-99,4,-99,-99,treino_IP100_IT100_ei_exp,IP100_IT100_ei_exp
2,EMEP1403BN,3,1,BN,43,49,47,55,53,68,74,90,1798,2803,2276,3069,875,1501,0.2055,0.19,4.26,4.52,3754,4319,1960,-99,3.83,6.34,0.479,0.65,79.02,74.4,63,-99,89,-99,14,-99,3.52,-99,955,1224,35,-99,11.41,-99,3.23,-99,0.84,-99,83,-99,4,-99,-99,treino_IP100_IT100_ei_exp,IP100_IT100_ei_exp
3,EMEP1403BN,5,1,BN,38,51,42,54,47,68,68,90,2357,3993,3032,5140,1192,1964,0.1977,0.19,4.26,4.96,4637,5002,2280,-99,5.38,5.67,0.508,-99,77.75,77.6,86,-99,113,-99,13,-99,3.66,-99,1556,2306,53,-99,12.56,-99,2.99,-99,1.15,-99,77,-99,4,-99,-99,treino_IP100_IT100_ei_exp,IP100_IT100_ei_exp
4,EMEP1403BN,8,1,BN,37,41,41,51,47,57,68,84,2120,2630,2727,-99,1092,1215,0.1942,0.21,4.26,4.94,4041,3092,1920,-99,4.56,6.14,0.525,-99,77.75,72.3,76,-99,100,-99,10,-99,3.58,-99,1209,2069,40,-99,12.22,-99,2.90,-99,1.15,-99,77,-99,4,-99,-99,treino_IP100_IT100_ei_exp,IP100_IT100_ei_exp
5,EMEP1403BN,9,1,BN,38,47,43,56,49,65,73,86,2236,2080,2829,3807,868,1151,0.2577,0.17,4.26,4.63,4367,3027,2130,-99,4.40,4.59,0.512,0.69,79.04,71.8,77,-99,107,-99,16,-99,3.46,-99,1233,2002,44,-99,12.05,-99,2.91,-99,0.99,-99,82,-99,4,-99,-99,treino_IP100_IT100_ei_exp,IP100_IT100_ei_exp
1,EMEP1403BN,2,1,BN,40,42,45,48,51,62,74,82,2133,1997,2696,2923,905,1258,0.2356,0.17,4.26,5.52,4006,3204,1870,-99,4.28,6.26,0.532,0.62,79.10,72.7,75,-99,100,-99,12,-99,3.51,-99,1065,1349,37,-99,11.69,-99,2.98,-99,0.92,-99,83,-99,4,-99,-99,treino_IP100_IT100_ei_gauss,IP100_IT100_ei_gauss
2,EMEP1403BN,3,1,BN,43,49,47,55,53,68,74,90,1798,2803,2276,3069,875,1501,0.2055,0.19,4.26,4.52,3754,4319,1960,-99,3.83,6.34,0.479,0.65,79.02,74.4,63,-99,89,-99,14,-99,3.52,-99,955,1224,35,-99,11.41,-99,3.23,-99,0.84,-99,83,-99,4,-99,-99,treino_IP100_IT100_ei_gauss,IP100_IT100_ei_gauss
3,EMEP1403BN,5,1,BN,38,51,42,54,47,68,68,90,2357,3993,3032,5140,1192,1964,0.1977,0.19,4.26,4.96,4637,5002,2280,-99,5.38,5.67,0.508,-99,77.75,77.6,86,-99,113,-99,13,-99,3.66,-99,1556,2306,53,-99,12.56,-99,2.99,-99,1.15,-99,77,-99,4,-99,-99,treino_IP100_IT100_ei_gauss,IP100_IT100_ei_gauss
4,EMEP1403BN,8,1,BN,37,41,41,51,47,57,68,84,2120,2630,2727,-99,1092,1215,0.1942,0.21,4.26,4.94,4041,3092,1920,-99,4.56,6.14,0.525,-99,77.75,72.3,76,-99,100,-99,10,-99,3.58,-99,1209,2069,40,-99,12.22,-99,2.90,-99,1.15,-99,77,-99,4,-99,-99,treino_IP100_IT100_ei_gauss,IP100_IT100_ei_gauss
5,EMEP1403BN,9,1,BN,38,47,43,56,49,65,73,86,2236,2080,2829,3807,868,1151,0.2577,0.17,4.26,4.63,4367,3027,2130,-99,4.40,4.59,0.512,0.69,79.04,71.8,77,-99,107,-99,16,-99,3.46,-99,1233,2002,44,-99,12.05,-99,2.91,-99,0.99,-99,82,-99,4,-99,-99,treino_IP100_IT100_ei_gauss,IP100_IT100_ei_gauss
1,EMEP1403BN,2,1,BN,40,42,45,48,51,62,74,82,2133,1997,2696,2923,905,1258,0.2356,0.17,4.26,5.52,4006,3204,1870,-99,4.28,6.26,0.532,0.62,79.10,72.7,75,-99,100,-99,12,-99,3.51,-99,1065,1349,37,-99,11.69,-99,2.98,-99,0.92,-99,83,-99,4,-99,-99,treino_IP100_IT100_ei_matern3_2,IP100_IT100_ei_matern3_2
2,EMEP1403BN,3,1,BN,43,49,47,55,53,68,74,90,1798,2803,2276,3069,875,1501,0.2055,0.19,4.26,4.52,3754,4319,1960,-99,3.83,6.34,0.479,0.65,79.02,74.4,63,-99,89,-99,14,-99,3.52,-99,955,1224,35,-99,11.41,-99,3.23,-99,0.84,-99,83,-99,4,-99,-99,treino_IP100_IT100_ei_matern3_2,IP100_IT100_ei_matern3_2
3,EMEP1403BN,5,1,BN,38,51,42,54,47,68,68,90,2357,3993,3032,5140,1192,1964,0.1977,0.19,4.26,4.96,4637,5002,2280,-99,5.38,5.67,0.508,-99,77.75,77.6,86,-99,113,-99,13,-99,3.66,-99,1556,2306,53,-99,12.56,-99,2.99,-99,1.15,-99,77,-99,4,-99,-99,treino_IP100_IT100_ei_matern3_2,IP100_IT100_ei_matern3_2
4,EMEP1403BN,8,1,BN,37,41,41,51,47,57,68,84,2120,2630,2727,-99,1092,1215,0.1942,0.21,4.26,4.94,4041,3092,1920,-99,4.56,6.14,0.525,-99,77.75,72.3,76,-99,100,-99,10,-99,3.58,-99,1209,2069,40,-99,12.22,-99,2.90,-99,1.15,-99,77,-99,4,-99,-99,treino_IP100_IT100_ei_matern3_2,IP100_IT100_ei_matern3_2
5,EMEP1403BN,9,1,BN,38,47,43,56,49,65,73,86,2236,2080,2829,3807,868,1151,0.2577,0.17,4.26,4.63,4367,3027,2130,-99,4.40,4.59,0.512,0.69,79.04,71.8,77,-99,107,-99,16,-99,3.46,-99,1233,2002,44,-99,12.05,-99,2.91,-99,0.99,-99,82,-99,4,-99,-99,treino_IP100_IT100_ei_matern3_2,IP100_IT100_ei_matern3_2
1,EMEP1403BN,2,1,BN,40,42,45,48,51,62,74,82,2133,1997,2696,2923,905,1258,0.2356,0.17,4.26,5.52,4006,3204,1870,-99,4.28,6.26,0.532,0.62,79.10,72.7,75,-99,100,-99,12,-99,3.51,-99,1065,1349,37,-99,11.69,-99,2.98,-99,0.92,-99,83,-99,4,-99,-99,treino_IP100_IT100_ei_matern5_2,IP100_IT100_ei_matern5_2
2,EMEP1403BN,3,1,BN,43,49,47,55,53,68,74,90,1798,2803,2276,3069,875,1501,0.2055,0.19,4.26,4.52,3754,4319,1960,-99,3.83,6.34,0.479,0.65,79.02,74.4,63,-99,89,-99,14,-99,3.52,-99,955,1224,35,-99,11.41,-99,3.23,-99,0.84,-99,83,-99,4,-99,-99,treino_IP100_IT100_ei_matern5_2,IP100_IT100_ei_matern5_2
3,EMEP1403BN,5,1,BN,38,51,42,54,47,68,68,90,2357,3993,3032,5140,1192,1964,0.1977,0.19,4.26,4.96,4637,5002,2280,-99,5.38,5.67,0.508,-99,77.75,77.6,86,-99,113,-99,13,-99,3.66,-99,1556,2306,53,-99,12.56,-99,2.99,-99,1.15,-99,77,-99,4,-99,-99,treino_IP100_IT100_ei_matern5_2,IP100_IT100_ei_matern5_2
4,EMEP1403BN,8,1,BN,37,41,41,51,47,57,68,84,2120,2630,2727,-99,1092,1215,0.1942,0.21,4.26,4.94,4041,3092,1920,-99,4.56,6.14,0.525,-99,77.75,72.3,76,-99,100,-99,10,-99,3.58,-99,1209,2069,40,-99,12.22,-99,2.90,-99,1.15,-99,77,-99,4,-99,-99,treino_IP100_IT100_ei_matern5_2,IP100_IT100_ei_matern5_2
5,EMEP1403BN,9,1,BN,38,47,43,56,49,65,73,86,2236,2080,2829,3807,868,1151,0.2577,0.17,4.26,4.63,4367,3027,2130,-99,4.40,4.59,0.512,0.69,79.04,71.8,77,-99,107,-99,16,-99,3.46,-99,1233,2002,44,-99,12.05,-99,2.91,-99,0.99,-99,82,-99,4,-99,-99,treino_IP100_IT100_ei_matern5_2,IP100_IT100_ei_matern5_2
1,EMEP1403BN,2,1,BN,40,42,45,48,51,62,74,82,2133,1997,2696,2923,905,1258,0.2356,0.17,4.26,5.52,4006,3204,1870,-99,4.28,6.26,0.532,0.62,79.10,72.7,75,-99,100,-99,12,-99,3.51,-99,1065,1349,37,-99,11.69,-99,2.98,-99,0.92,-99,83,-99,4,-99,-99,treino_IP100_IT100_poi_exp,IP100_IT100_poi_exp
2,EMEP1403BN,3,1,BN,43,49,47,55,53,68,74,90,1798,2803,2276,3069,875,1501,0.2055,0.19,4.26,4.52,3754,4319,1960,-99,3.83,6.34,0.479,0.65,79.02,74.4,63,-99,89,-99,14,-99,3.52,-99,955,1224,35,-99,11.41,-99,3.23,-99,0.84,-99,83,-99,4,-99,-99,treino_IP100_IT100_poi_exp,IP100_IT100_poi_exp
3,EMEP1403BN,5,1,BN,38,51,42,54,47,68,68,90,2357,3993,3032,5140,1192,1964,0.1977,0.19,4.26,4.96,4637,5002,2280,-99,5.38,5.67,0.508,-99,77.75,77.6,86,-99,113,-99,13,-99,3.66,-99,1556,2306,53,-99,12.56,-99,2.99,-99,1.15,-99,77,-99,4,-99,-99,treino_IP100_IT100_poi_exp,IP100_IT100_poi_exp
4,EMEP1403BN,8,1,BN,37,41,41,51,47,57,68,84,2120,2630,2727,-99,1092,1215,0.1942,0.21,4.26,4.94,4041,3092,1920,-99,4.56,6.14,0.525,-99,77.75,72.3,76,-99,100,-99,10,-99,3.58,-99,1209,2069,40,-99,12.22,-99,2.90,-99,1.15,-99,77,-99,4,-99,-99,treino_IP100_IT100_poi_exp,IP100_IT100_poi_exp
5,EMEP1403BN,9,1,BN,38,47,43,56,49,65,73,86,2236,2080,2829,3807,868,1151,0.2577,0.17,4.26,4.63,4367,3027,2130,-99,4.40,4.59,0.512,0.69,79.04,71.8,77,-99,107,-99,16,-99,3.46,-99,1233,2002,44,-99,12.05,-99,2.91,-99,0.99,-99,82,-99,4,-99,-99,treino_IP100_IT100_poi_exp,IP100_IT100_poi_exp
1,EMEP1403BN,2,1,BN,40,42,45,48,51,62,74,82,2133,1997,2696,2923,905,1258,0.2356,0.17,4.26,5.52,4006,3204,1870,-99,4.28,6.26,0.532,0.62,79.10,72.7,75,-99,100,-99,12,-99,3.51,-99,1065,1349,37,-99,11.69,-99,2.98,-99,0.92,-99,83,-99,4,-99,-99,treino_IP100_IT100_poi_gauss,IP100_IT100_poi_gauss
2,EMEP1403BN,3,1,BN,43,49,47,55,53,68,74,90,1798,2803,2276,3069,875,1501,0.2055,0.19,4.26,4.52,3754,4319,1960,-99,3.83,6.34,0.479,0.65,79.02,74.4,63,-99,89,-99,14,-99,3.52,-99,955,1224,35,-99,11.41,-99,3.23,-99,0.84,-99,83,-99,4,-99,-99,treino_IP100_IT100_poi_gauss,IP100_IT100_poi_gauss
3,EMEP1403BN,5,1,BN,38,51,42,54,47,68,68,90,2357,3993,3032,5140,1192,1964,0.1977,0.19,4.26,4.96,4637,5002,2280,-99,5.38,5.67,0.508,-99,77.75,77.6,86,-99,113,-99,13,-99,3.66,-99,1556,2306,53,-99,12.56,-99,2.99,-99,1.15,-99,77,-99,4,-99,-99,treino_IP100_IT100_poi_gauss,IP100_IT100_poi_gauss
4,EMEP1403BN,8,1,BN,37,41,41,51,47,57,68,84,2120,2630,2727,-99,1092,1215,0.1942,0.21,4.26,4.94,4041,3092,1920,-99,4.56,6.14,0.525,-99,77.75,72.3,76,-99,100,-99,10,-99,3.58,-99,1209,2069,40,-99,12.22,-99,2.90,-99,1.15,-99,77,-99,4,-99,-99,treino_IP100_IT100_poi_gauss,IP100_IT100_poi_gauss
5,EMEP1403BN,9,1,BN,38,47,43,56,49,65,73,86,2236,2080,2829,3807,868,1151,0.2577,0.17,4.26,4.63,4367,3027,2130,-99,4.40,4.59,0.512,0.69,79.04,71.8,77,-99,107,-99,16,-99,3.46,-99,1233,2002,44,-99,12.05,-99,2.91,-99,0.99,-99,82,-99,4,-99,-99,treino_IP100_IT100_poi_gauss,IP100_IT100_poi_gauss
1,EMEP1403BN,2,1,BN,40,42,45,48,51,62,74,82,2133,1997,2696,2923,905,1258,0.2356,0.17,4.26,5.52,4006,3204,1870,-99,4.28,6.26,0.532,0.62,79.10,72.7,75,-99,100,-99,12,-99,3.51,-99,1065,1349,37,-99,11.69,-99,2.98,-99,0.92,-99,83,-99,4,-99,-99,treino_IP100_IT100_poi_matern3_2,IP100_IT100_poi_matern3_2
2,EMEP1403BN,3,1,BN,43,49,47,55,53,68,74,90,1798,2803,2276,3069,875,1501,0.2055,0.19,4.26,4.52,3754,4319,1960,-99,3.83,6.34,0.479,0.65,79.02,74.4,63,-99,89,-99,14,-99,3.52,-99,955,1224,35,-99,11.41,-99,3.23,-99,0.84,-99,83,-99,4,-99,-99,treino_IP100_IT100_poi_matern3_2,IP100_IT100_poi_matern3_2
3,EMEP1403BN,5,1,BN,38,51,42,54,47,68,68,90,2357,3993,3032,5140,1192,1964,0.1977,0.19,4.26,4.96,4637,5002,2280,-99,5.38,5.67,0.508,-99,77.75,77.6,86,-99,113,-99,13,-99,3.66,-99,1556,2306,53,-99,12.56,-99,2.99,-99,1.15,-99,77,-99,4,-99,-99,treino_IP100_IT100_poi_matern3_2,IP100_IT100_poi_matern3_2
4,EMEP1403BN,8,1,BN,37,41,41,51,47,57,68,84,2120,2630,2727,-99,1092,1215,0.1942,0.21,4.26,4.94,4041,3092,1920,-99,4.56,6.14,0.525,-99,77.75,72.3,76,-99,100,-99,10,-99,3.58,-99,1209,2069,40,-99,12.22,-99,2.90,-99,1.15,-99,77,-99,4,-99,-99,treino_IP100_IT100_poi_matern3_2,IP100_IT100_poi_matern3_2
5,EMEP1403BN,9,1,BN,38,47,43,56,49,65,73,86,2236,2080,2829,3807,868,1151,0.2577,0.17,4.26,4.63,4367,3027,2130,-99,4.40,4.59,0.512,0.69,79.04,71.8,77,-99,107,-99,16,-99,3.46,-99,1233,2002,44,-99,12.05,-99,2.91,-99,0.99,-99,82,-99,4,-99,-99,treino_IP100_IT100_poi_matern3_2,IP100_IT100_poi_matern3_2
1,EMEP1403BN,2,1,BN,40,42,45,48,51,62,74,82,2133,1997,2696,2923,905,1258,0.2356,0.17,4.26,5.52,4006,3204,1870,-99,4.28,6.26,0.532,0.62,79.10,72.7,75,-99,100,-99,12,-99,3.51,-99,1065,1349,37,-99,11.69,-99,2.98,-99,0.92,-99,83,-99,4,-99,-99,treino_IP100_IT100_poi_matern5_2,IP100_IT100_poi_matern5_2
2,EMEP1403BN,3,1,BN,43,49,47,55,53,68,74,90,1798,2803,2276,3069,875,1501,0.2055,0.19,4.26,4.52,3754,4319,1960,-99,3.83,6.34,0.479,0.65,79.02,74.4,63,-99,89,-99,14,-99,3.52,-99,955,1224,35,-99,11.41,-99,3.23,-99,0.84,-99,83,-99,4,-99,-99,treino_IP100_IT100_poi_matern5_2,IP100_IT100_poi_matern5_2
3,EMEP1403BN,5,1,BN,38,51,42,54,47,68,68,90,2357,3993,3032,5140,1192,1964,0.1977,0.19,4.26,4.96,4637,5002,2280,-99,5.38,5.67,0.508,-99,77.75,77.6,86,-99,113,-99,13,-99,3.66,-99,1556,2306,53,-99,12.56,-99,2.99,-99,1.15,-99,77,-99,4,-99,-99,treino_IP100_IT100_poi_matern5_2,IP100_IT100_poi_matern5_2
4,EMEP1403BN,8,1,BN,37,41,41,51,47,57,68,84,2120,2630,2727,-99,1092,1215,0.1942,0.21,4.26,4.94,4041,3092,1920,-99,4.56,6.14,0.525,-99,77.75,72.3,76,-99,100,-99,10,-99,3.58,-99,1209,2069,40,-99,12.22,-99,2.90,-99,1.15,-99,77,-99,4,-99,-99,treino_IP100_IT100_poi_matern5_2,IP100_IT100_poi_matern5_2
5,EMEP1403BN,9,1,BN,38,47,43,56,49,65,73,86,2236,2080,2829,3807,868,1151,0.2577,0.17,4.26,4.63,4367,3027,2130,-99,4.40,4.59,0.512,0.69,79.04,71.8,77,-99,107,-99,16,-99,3.46,-99,1233,2002,44,-99,12.05,-99,2.91,-99,0.99,-99,82,-99,4,-99,-99,treino_IP100_IT100_poi_matern5_2,IP100_IT100_poi_matern5_2
1,EMEP1403BN,2,1,BN,36,42,41,48,44,62,64,82,1677,1997,2195,2923,870,1258,0.1927,0.17,5.00,5.52,2882,3204,1200,-99,2.56,6.26,0.582,0.62,76.41,72.7,57,-99,75,-99,6,-99,3.40,-99,782,1349,27,-99,10.76,-99,3.16,-99,0.78,-99,73,-99,4,-99,-99,treino_IP100_IT100_ucb_exp,IP100_IT100_ucb_exp
2,EMEP1403BN,3,1,BN,38,49,44,55,46,68,64,90,1507,2803,2039,3069,917,1501,0.1643,0.19,5.00,4.52,2667,4319,1160,-99,2.30,6.34,0.565,0.65,73.89,74.4,53,-99,72,-99,7,-99,3.50,-99,812,1224,28,-99,10.84,-99,3.24,-99,0.78,-99,73,-99,4,-99,-99,treino_IP100_IT100_ucb_exp,IP100_IT100_ucb_exp
3,EMEP1403BN,5,1,BN,34,51,39,54,41,68,59,90,1753,3993,2294,5140,912,1964,0.1923,0.19,5.00,4.96,3300,5002,1550,-99,3.11,5.67,0.531,-99,76.42,77.6,61,-99,82,-99,9,-99,3.47,-99,1049,2306,36,-99,11.65,-99,3.33,-99,0.95,-99,68,-99,4,-99,-99,treino_IP100_IT100_ucb_exp,IP100_IT100_ucb_exp
4,EMEP1403BN,8,1,BN,34,41,38,51,41,57,58,84,1538,2630,2024,-99,838,1215,0.1837,0.21,5.00,4.94,2902,3092,1360,-99,2.68,6.14,0.530,-99,76.01,72.3,52,-99,71,-99,8,-99,3.36,-99,882,2069,27,-99,11.41,-99,3.41,-99,1.00,-99,67,-99,4,-99,-99,treino_IP100_IT100_ucb_exp,IP100_IT100_ucb_exp
5,EMEP1403BN,9,1,BN,34,47,40,56,42,65,63,86,1880,2080,2531,3807,942,1151,0.1995,0.17,5.00,4.63,3195,3027,1310,-99,2.56,4.59,0.588,0.69,74.30,71.8,66,-99,90,-99,8,-99,3.51,-99,862,2002,31,-99,11.19,-99,2.79,-99,0.87,-99,72,-99,4,-99,-99,treino_IP100_IT100_ucb_exp,IP100_IT100_ucb_exp
1,EMEP1403BN,2,1,BN,38,42,44,48,49,62,69,82,1638,1997,2079,2923,716,1258,0.2289,0.17,5.00,5.52,3163,3204,1520,-99,3.01,6.26,0.518,0.62,78.80,72.7,56,-99,78,-99,11,-99,3.40,-99,772,1349,26,-99,11.16,-99,3.19,-99,0.83,-99,78,-99,4,-99,-99,treino_IP100_IT100_ucb_gauss,IP100_IT100_ucb_gauss
2,EMEP1403BN,3,1,BN,39,49,46,55,51,68,69,90,1531,2803,1941,3069,743,1501,0.2061,0.19,5.00,4.52,3015,4319,1480,-99,2.78,6.34,0.508,0.65,78.89,74.4,53,-99,76,-99,12,-99,3.46,-99,765,1224,27,-99,11.09,-99,3.34,-99,0.79,-99,78,-99,4,-99,-99,treino_IP100_IT100_ucb_gauss,IP100_IT100_ucb_gauss
3,EMEP1403BN,5,1,BN,35,51,41,54,46,68,64,90,1743,3993,2228,5140,846,1964,0.2062,0.19,5.00,4.96,3684,5002,1940,-99,3.82,5.67,0.473,-99,78.25,77.6,63,-99,89,-99,14,-99,3.62,-99,1031,2306,35,-99,12.12,-99,3.03,-99,1.02,-99,73,-99,4,-99,-99,treino_IP100_IT100_ucb_gauss,IP100_IT100_ucb_gauss
4,EMEP1403BN,8,1,BN,35,41,41,51,45,57,63,84,1492,2630,1910,-99,756,1215,0.1974,0.21,5.00,4.94,3107,3092,1620,-99,3.15,6.14,0.480,-99,78.12,72.3,54,-99,76,-99,12,-99,3.60,-99,854,2069,26,-99,11.77,-99,2.89,-99,1.04,-99,72,-99,4,-99,-99,treino_IP100_IT100_ucb_gauss,IP100_IT100_ucb_gauss
5,EMEP1403BN,9,1,BN,36,47,42,56,47,65,69,86,1897,2080,2403,3807,733,1151,0.2587,0.17,5.00,4.63,3546,3027,1650,-99,3.09,4.59,0.535,0.69,78.95,71.8,66,-99,93,-99,14,-99,3.50,-99,893,2002,31,-99,11.49,-99,2.80,-99,0.89,-99,78,-99,4,-99,-99,treino_IP100_IT100_ucb_gauss,IP100_IT100_ucb_gauss
1,EMEP1403BN,2,1,BN,37,42,43,48,45,62,65,82,1644,1997,2244,2923,1013,1258,0.1624,0.17,5.00,5.52,2986,3204,1340,-99,2.67,6.26,0.551,0.62,73.27,72.7,57,-99,77,-99,7,-99,3.44,-99,846,1349,29,-99,10.98,-99,3.08,-99,0.81,-99,74,-99,4,-99,-99,treino_IP100_IT100_ucb_matern3_2,IP100_IT100_ucb_matern3_2
2,EMEP1403BN,3,1,BN,39,49,46,55,47,68,65,90,1487,2803,2083,3069,1042,1501,0.1427,0.19,5.00,4.52,2787,4319,1300,-99,2.42,6.34,0.534,0.65,71.39,74.4,53,-99,74,-99,7,-99,3.55,-99,859,1224,30,-99,11.10,-99,3.15,-99,0.79,-99,74,-99,4,-99,-99,treino_IP100_IT100_ucb_matern3_2,IP100_IT100_ucb_matern3_2
3,EMEP1403BN,5,1,BN,35,51,41,54,42,68,60,90,1705,3993,2361,5140,1108,1964,0.1538,0.19,5.00,4.96,3406,5002,1700,-99,3.19,5.67,0.501,-99,72.22,77.6,60,-99,85,-99,10,-99,3.51,-99,1127,2306,38,-99,11.88,-99,3.24,-99,0.98,-99,69,-99,4,-99,-99,treino_IP100_IT100_ucb_matern3_2,IP100_IT100_ucb_matern3_2
4,EMEP1403BN,8,1,BN,35,41,40,51,42,57,59,84,1477,2630,2064,-99,1035,1215,0.1427,0.21,5.00,4.94,2982,3092,1510,-99,2.73,6.14,0.495,-99,71.56,72.3,50,-99,72,-99,8,-99,3.39,-99,958,2069,29,-99,11.45,-99,3.34,-99,1.01,-99,68,-99,4,-99,-99,treino_IP100_IT100_ucb_matern3_2,IP100_IT100_ucb_matern3_2
5,EMEP1403BN,9,1,BN,35,47,42,56,43,65,64,86,1808,2080,2566,3807,1129,1151,0.1602,0.17,5.00,4.63,3282,3027,1470,-99,2.65,4.59,0.551,0.69,70.45,71.8,64,-99,91,-99,8,-99,3.54,-99,919,2002,32,-99,11.43,-99,2.74,-99,0.89,-99,73,-99,4,-99,-99,treino_IP100_IT100_ucb_matern3_2,IP100_IT100_ucb_matern3_2
1,EMEP1403BN,2,1,BN,40,42,43,48,48,62,69,82,1937,1997,2634,2923,1115,1258,0.1737,0.17,5.00,5.52,3411,3204,1470,-99,3.11,6.26,0.568,0.62,73.56,72.7,64,-99,86,-99,7,-99,3.32,-99,1084,1349,38,-99,11.77,-99,3.37,-99,0.89,-99,78,-99,4,-99,-99,treino_IP100_IT100_ucb_matern5_2,IP100_IT100_ucb_matern5_2
2,EMEP1403BN,3,1,BN,43,49,45,55,51,68,68,90,1761,2803,2423,3069,1160,1501,0.1518,0.19,5.00,4.52,3177,4319,1420,-99,2.85,6.34,0.554,0.65,72.66,74.4,60,-99,81,-99,7,-99,3.41,-99,1020,1224,36,-99,11.60,-99,3.45,-99,0.84,-99,77,-99,4,-99,-99,treino_IP100_IT100_ucb_matern5_2,IP100_IT100_ucb_matern5_2
3,EMEP1403BN,5,1,BN,38,51,40,54,45,68,63,90,2008,3993,2752,5140,1317,1964,0.1524,0.19,5.00,4.96,3840,5002,1830,-99,3.74,5.67,0.523,-99,72.96,77.6,68,-99,94,-99,10,-99,3.39,-99,1445,2306,48,-99,12.81,-99,3.52,-99,1.10,-99,72,-99,4,-99,-99,treino_IP100_IT100_ucb_matern5_2,IP100_IT100_ucb_matern5_2
4,EMEP1403BN,8,1,BN,37,41,40,51,44,57,62,84,1788,2630,2408,-99,1038,1215,0.1723,0.21,5.00,4.94,3355,3092,1570,-99,3.20,6.14,0.533,-99,74.25,72.3,60,-99,81,-99,8,-99,3.34,-99,1153,2069,38,-99,12.20,-99,3.40,-99,1.09,-99,71,-99,4,-99,-99,treino_IP100_IT100_ucb_matern5_2,IP100_IT100_ucb_matern5_2
5,EMEP1403BN,9,1,BN,38,47,41,56,47,65,68,86,2160,2080,2967,3807,1180,1151,0.1830,0.17,5.00,4.63,3792,3027,1630,-99,3.13,4.59,0.570,0.69,72.79,71.8,73,-99,100,-99,9,-99,3.40,-99,1195,2002,42,-99,12.21,-99,3.03,-99,0.99,-99,77,-99,4,-99,-99,treino_IP100_IT100_ucb_matern5_2,IP100_IT100_ucb_matern5_2
1,EMEP1403BN,2,1,BN,35,42,37,48,42,62,63,82,1294,1997,1671,2923,719,1258,0.1799,0.17,5.00,5.52,2277,3204,980,-99,2.37,6.26,0.568,0.62,77.39,72.7,45,-99,60,-99,7,-99,3.45,-99,586,1349,20,-99,10.32,-99,3.02,-99,0.73,-99,72,-99,4,-99,-99,treino_IP100_IT300_ei_exp,IP100_IT300_ei_exp
2,EMEP1403BN,3,1,BN,36,49,39,55,45,68,63,90,1260,2803,1599,3069,667,1501,0.1888,0.19,5.00,4.52,2109,4319,850,-99,2.27,6.34,0.597,0.65,78.83,74.4,45,-99,60,-99,6,-99,3.56,-99,610,1224,20,-99,10.40,-99,3.05,-99,0.72,-99,72,-99,4,-99,-99,treino_IP100_IT300_ei_exp,IP100_IT300_ei_exp
3,EMEP1403BN,5,1,BN,32,51,35,54,40,68,58,90,1742,3993,2261,5140,1062,1964,0.1640,0.19,5.00,4.96,2963,5002,1220,-99,3.24,5.67,0.588,-99,77.08,77.6,62,-99,80,-99,6,-99,3.58,-99,809,2306,28,-99,11.21,-99,3.03,-99,0.92,-99,67,-99,4,-99,-99,treino_IP100_IT300_ei_exp,IP100_IT300_ei_exp
4,EMEP1403BN,8,1,BN,32,41,35,51,39,57,57,84,1118,2630,1432,-99,760,1215,0.1472,0.21,5.00,4.94,2386,3092,1270,-99,2.74,6.14,0.469,-99,78.10,72.3,39,-99,59,-99,12,-99,3.53,-99,652,2069,20,-99,10.83,-99,3.16,-99,0.96,-99,66,-99,4,-99,-99,treino_IP100_IT300_ei_exp,IP100_IT300_ei_exp
5,EMEP1403BN,9,1,BN,33,47,36,56,41,65,62,86,1298,2080,1645,3807,676,1151,0.1919,0.17,5.00,4.63,2537,3027,1240,-99,2.60,4.59,0.512,0.69,78.89,71.8,46,-99,71,-99,14,-99,3.53,-99,695,2002,24,-99,10.82,-99,2.74,-99,0.84,-99,71,-99,4,-99,-99,treino_IP100_IT300_ei_exp,IP100_IT300_ei_exp
1,EMEP1403BN,2,1,BN,39,42,43,48,48,62,68,82,1824,1997,2316,2923,830,1258,0.2198,0.17,5.00,5.52,3402,3204,1580,-99,3.88,6.26,0.536,0.62,78.75,72.7,61,-99,83,-99,10,-99,3.33,-99,952,1349,33,-99,11.23,-99,3.33,-99,0.85,-99,77,-99,4,-99,-99,treino_IP100_IT300_ei_gauss,IP100_IT300_ei_gauss
2,EMEP1403BN,3,1,BN,41,49,46,55,50,68,68,90,1716,2803,2184,3069,842,1501,0.2038,0.19,5.00,4.52,3183,4319,1470,-99,3.46,6.34,0.539,0.65,78.57,74.4,58,-99,79,-99,9,-99,3.40,-99,834,1224,31,-99,11.13,-99,3.46,-99,0.81,-99,77,-99,4,-99,-99,treino_IP100_IT300_ei_gauss,IP100_IT300_ei_gauss
3,EMEP1403BN,5,1,BN,36,51,41,54,45,68,63,90,1996,3993,2541,5140,957,1964,0.2084,0.19,5.00,4.96,4069,5002,2070,-99,4.98,5.67,0.490,-99,78.54,77.6,71,-99,98,-99,14,-99,3.56,-99,1315,2306,45,-99,12.26,-99,3.17,-99,1.09,-99,72,-99,4,-99,-99,treino_IP100_IT300_ei_gauss,IP100_IT300_ei_gauss
4,EMEP1403BN,8,1,BN,36,41,40,51,44,57,62,84,1601,2630,2036,-99,737,1215,0.2171,0.21,5.00,4.94,3436,3092,1840,-99,4.15,6.14,0.466,-99,78.60,72.3,57,-99,80,-99,12,-99,3.55,-99,1089,2069,36,-99,11.94,-99,3.01,-99,1.11,-99,71,-99,4,-99,-99,treino_IP100_IT300_ei_gauss,IP100_IT300_ei_gauss
5,EMEP1403BN,9,1,BN,37,47,41,56,46,65,68,86,2106,2080,2675,3807,837,1151,0.2515,0.17,5.00,4.63,3915,3027,1810,-99,4.01,4.59,0.538,0.69,78.74,71.8,72,-99,99,-99,12,-99,3.44,-99,1121,2002,40,-99,11.67,-99,2.93,-99,0.93,-99,77,-99,4,-99,-99,treino_IP100_IT300_ei_gauss,IP100_IT300_ei_gauss
1,EMEP1403BN,2,1,BN,34,42,38,48,41,62,62,82,1492,1997,1915,2923,816,1258,0.1828,0.17,3.00,5.52,2297,3204,800,-99,2.56,6.26,0.650,0.62,77.93,72.7,52,-99,65,-99,4,-99,3.46,-99,511,1349,18,-99,10.11,-99,2.99,-99,0.72,-99,71,-99,4,-99,-99,treino_IP100_IT300_ei_matern3_2,IP100_IT300_ei_matern3_2
2,EMEP1403BN,3,1,BN,35,49,40,55,44,68,62,90,1166,2803,1483,3069,680,1501,0.1714,0.19,3.00,4.52,2012,4319,850,-99,2.39,6.34,0.580,0.65,78.63,74.4,42,-99,58,-99,7,-99,3.57,-99,546,1224,19,-99,10.01,-99,2.99,-99,0.69,-99,71,-99,4,-99,-99,treino_IP100_IT300_ei_matern3_2,IP100_IT300_ei_matern3_2
3,EMEP1403BN,5,1,BN,31,51,36,54,39,68,57,90,1706,3993,2180,5140,990,1964,0.1723,0.19,3.00,4.96,2891,5002,1180,-99,3.42,5.67,0.590,-99,78.26,77.6,61,-99,78,-99,7,-99,3.58,-99,739,2306,25,-99,11.01,-99,3.06,-99,0.88,-99,66,-99,4,-99,-99,treino_IP100_IT300_ei_matern3_2,IP100_IT300_ei_matern3_2
4,EMEP1403BN,8,1,BN,31,41,35,51,38,57,56,84,1040,2630,1309,-99,677,1215,0.1537,0.21,3.00,4.94,2294,3092,1250,-99,2.83,6.14,0.453,-99,79.45,72.3,37,-99,57,-99,12,-99,3.58,-99,629,2069,19,-99,10.61,-99,3.07,-99,0.92,-99,65,-99,4,-99,-99,treino_IP100_IT300_ei_matern3_2,IP100_IT300_ei_matern3_2
5,EMEP1403BN,9,1,BN,32,47,36,56,40,65,61,86,1788,2080,2319,3807,1025,1151,0.1745,0.17,3.00,4.63,2693,3027,910,-99,2.79,4.59,0.664,0.69,77.08,71.8,64,-99,81,-99,4,-99,3.56,-99,625,2002,22,-99,10.45,-99,2.72,-99,0.81,-99,70,-99,4,-99,-99,treino_IP100_IT300_ei_matern3_2,IP100_IT300_ei_matern3_2
1,EMEP1403BN,2,1,BN,40,42,43,48,47,62,68,82,1840,1997,2336,2923,815,1258,0.2257,0.17,5.00,5.52,3496,3204,1660,-99,4.11,6.26,0.526,0.62,78.78,72.7,61,-99,84,-99,10,-99,3.34,-99,1062,1349,37,-99,11.45,-99,3.30,-99,0.87,-99,77,-99,4,-99,-99,treino_IP100_IT300_ei_matern5_2,IP100_IT300_ei_matern5_2
2,EMEP1403BN,3,1,BN,42,49,45,55,50,68,68,90,1730,2803,2199,3069,823,1501,0.2102,0.19,5.00,4.52,3295,4319,1570,-99,3.67,6.34,0.525,0.65,78.67,74.4,60,-99,81,-99,9,-99,3.46,-99,936,1224,34,-99,11.35,-99,3.35,-99,0.82,-99,77,-99,4,-99,-99,treino_IP100_IT300_ei_matern5_2,IP100_IT300_ei_matern5_2
3,EMEP1403BN,5,1,BN,37,51,40,54,44,68,62,90,1908,3993,2426,5140,899,1964,0.2121,0.19,5.00,4.96,4045,5002,2140,-99,5.22,5.67,0.472,-99,78.62,77.6,68,-99,95,-99,15,-99,3.55,-99,1446,2306,49,-99,12.49,-99,3.18,-99,1.15,-99,71,-99,4,-99,-99,treino_IP100_IT300_ei_matern5_2,IP100_IT300_ei_matern5_2
4,EMEP1403BN,8,1,BN,37,41,40,51,44,57,61,84,1641,2630,2087,-99,747,1215,0.2197,0.21,5.00,4.94,3489,3092,1850,-99,4.44,6.14,0.470,-99,78.65,72.3,57,-99,81,-99,12,-99,3.49,-99,1208,2069,40,-99,12.20,-99,3.13,-99,1.14,-99,70,-99,4,-99,-99,treino_IP100_IT300_ei_matern5_2,IP100_IT300_ei_matern5_2
5,EMEP1403BN,9,1,BN,38,47,41,56,46,65,67,86,2117,2080,2692,3807,841,1151,0.2518,0.17,5.00,4.63,3950,3027,1830,-99,4.24,4.59,0.536,0.69,78.65,71.8,72,-99,98,-99,12,-99,3.40,-99,1233,2002,44,-99,11.85,-99,3.03,-99,0.95,-99,76,-99,4,-99,-99,treino_IP100_IT300_ei_matern5_2,IP100_IT300_ei_matern5_2
1,EMEP1403BN,2,1,BN,40,42,44,48,49,62,72,82,1816,1997,2306,2923,952,1258,0.1907,0.17,4.56,5.52,3479,3204,1660,-99,3.12,6.26,0.522,0.62,78.74,72.7,63,-99,87,-99,12,-99,3.49,-99,1049,1349,37,-99,11.66,-99,3.01,-99,0.88,-99,81,-99,4,-99,-99,treino_IP100_IT300_poi_exp,IP100_IT300_poi_exp
2,EMEP1403BN,3,1,BN,42,49,47,55,52,68,71,90,1798,2803,2294,3069,896,1501,0.2007,0.19,4.56,4.52,3285,4319,1490,-99,2.84,6.34,0.547,0.65,78.37,74.4,64,-99,86,-99,10,-99,3.56,-99,956,1224,35,-99,11.61,-99,3.15,-99,0.84,-99,80,-99,4,-99,-99,treino_IP100_IT300_poi_exp,IP100_IT300_poi_exp
3,EMEP1403BN,5,1,BN,37,51,42,54,46,68,66,90,2115,3993,2709,5140,1102,1964,0.1919,0.19,4.56,4.96,3948,5002,1830,-99,3.63,5.67,0.536,-99,78.09,77.6,76,-99,100,-99,11,-99,3.61,-99,1293,2306,44,-99,12.58,-99,3.04,-99,1.09,-99,75,-99,4,-99,-99,treino_IP100_IT300_poi_exp,IP100_IT300_poi_exp
4,EMEP1403BN,8,1,BN,37,41,41,51,46,57,65,84,1922,2630,2452,-99,1073,1215,0.1791,0.21,4.56,4.94,3470,3092,1550,-99,3.18,6.14,0.554,-99,78.39,72.3,69,-99,90,-99,8,-99,3.59,-99,1105,2069,37,-99,12.26,-99,2.89,-99,1.10,-99,74,-99,4,-99,-99,treino_IP100_IT300_poi_exp,IP100_IT300_poi_exp
5,EMEP1403BN,9,1,BN,38,47,43,56,48,65,71,86,2065,2080,2633,3807,905,1151,0.2280,0.17,4.56,4.63,3848,3027,1780,-99,3.05,4.59,0.537,0.69,78.43,71.8,73,-99,100,-99,14,-99,3.52,-99,1130,2002,40,-99,12.09,-99,2.74,-99,0.96,-99,80,-99,4,-99,-99,treino_IP100_IT300_poi_exp,IP100_IT300_poi_exp
1,EMEP1403BN,2,1,BN,40,42,44,48,49,62,72,82,1816,1997,2306,2923,952,1258,0.1907,0.17,4.56,5.52,3479,3204,1660,-99,3.12,6.26,0.522,0.62,78.74,72.7,63,-99,87,-99,12,-99,3.49,-99,1049,1349,37,-99,11.66,-99,3.01,-99,0.88,-99,81,-99,4,-99,-99,treino_IP100_IT300_poi_gauss,IP100_IT300_poi_gauss
2,EMEP1403BN,3,1,BN,42,49,47,55,52,68,71,90,1798,2803,2294,3069,896,1501,0.2007,0.19,4.56,4.52,3285,4319,1490,-99,2.84,6.34,0.547,0.65,78.37,74.4,64,-99,86,-99,10,-99,3.56,-99,956,1224,35,-99,11.61,-99,3.15,-99,0.84,-99,80,-99,4,-99,-99,treino_IP100_IT300_poi_gauss,IP100_IT300_poi_gauss
3,EMEP1403BN,5,1,BN,37,51,42,54,46,68,66,90,2115,3993,2709,5140,1102,1964,0.1919,0.19,4.56,4.96,3948,5002,1830,-99,3.63,5.67,0.536,-99,78.09,77.6,76,-99,100,-99,11,-99,3.61,-99,1293,2306,44,-99,12.58,-99,3.04,-99,1.09,-99,75,-99,4,-99,-99,treino_IP100_IT300_poi_gauss,IP100_IT300_poi_gauss
4,EMEP1403BN,8,1,BN,37,41,41,51,46,57,65,84,1922,2630,2452,-99,1073,1215,0.1791,0.21,4.56,4.94,3470,3092,1550,-99,3.18,6.14,0.554,-99,78.39,72.3,69,-99,90,-99,8,-99,3.59,-99,1105,2069,37,-99,12.26,-99,2.89,-99,1.10,-99,74,-99,4,-99,-99,treino_IP100_IT300_poi_gauss,IP100_IT300_poi_gauss
5,EMEP1403BN,9,1,BN,38,47,43,56,48,65,71,86,2065,2080,2633,3807,905,1151,0.2280,0.17,4.56,4.63,3848,3027,1780,-99,3.05,4.59,0.537,0.69,78.43,71.8,73,-99,100,-99,14,-99,3.52,-99,1130,2002,40,-99,12.09,-99,2.74,-99,0.96,-99,80,-99,4,-99,-99,treino_IP100_IT300_poi_gauss,IP100_IT300_poi_gauss
1,EMEP1403BN,2,1,BN,39,42,43,48,48,62,69,82,1747,1997,2214,2923,784,1258,0.2229,0.17,4.08,5.52,3505,3204,1760,-99,4.11,6.26,0.499,0.62,78.91,72.7,60,-99,84,-99,12,-99,3.43,-99,984,1349,34,-99,11.25,-99,3.12,-99,0.86,-99,78,-99,4,-99,-99,treino_IP100_IT300_poi_matern3_2,IP100_IT300_poi_matern3_2
2,EMEP1403BN,3,1,BN,41,49,46,55,51,68,69,90,1650,2803,2092,3069,813,1501,0.2030,0.19,4.08,4.52,3332,4319,1680,-99,3.69,6.34,0.495,0.65,78.89,74.4,58,-99,81,-99,12,-99,3.48,-99,861,1224,32,-99,11.15,-99,3.29,-99,0.82,-99,78,-99,4,-99,-99,treino_IP100_IT300_poi_matern3_2,IP100_IT300_poi_matern3_2
3,EMEP1403BN,5,1,BN,36,51,41,54,45,68,63,90,1920,3993,2446,5140,950,1964,0.2021,0.19,4.08,4.96,4075,5002,2160,-99,5.22,5.67,0.471,-99,78.50,77.6,69,-99,99,-99,16,-99,3.62,-99,1351,2306,46,-99,12.27,-99,3.03,-99,1.10,-99,72,-99,4,-99,-99,treino_IP100_IT300_poi_matern3_2,IP100_IT300_poi_matern3_2
4,EMEP1403BN,8,1,BN,36,41,40,51,44,57,62,84,1581,2630,2012,-99,741,1215,0.2133,0.21,4.08,4.94,3489,3092,1910,-99,4.40,6.14,0.453,-99,78.57,72.3,57,-99,82,-99,13,-99,3.61,-99,1125,2069,37,-99,11.95,-99,2.90,-99,1.12,-99,71,-99,4,-99,-99,treino_IP100_IT300_poi_matern3_2,IP100_IT300_poi_matern3_2
5,EMEP1403BN,9,1,BN,37,47,41,56,47,65,68,86,2011,2080,2548,3807,790,1151,0.2547,0.17,4.08,4.63,3968,3027,1960,-99,4.24,4.59,0.507,0.69,78.93,71.8,70,-99,98,-99,15,-99,3.46,-99,1161,2002,41,-99,11.68,-99,2.86,-99,0.94,-99,77,-99,4,-99,-99,treino_IP100_IT300_poi_matern3_2,IP100_IT300_poi_matern3_2
1,EMEP1403BN,2,1,BN,40,42,45,48,49,62,70,82,1843,1997,2339,2923,813,1258,0.2268,0.17,4.26,5.52,3618,3204,1780,-99,4.21,6.26,0.509,0.62,78.82,72.7,63,-99,88,-99,12,-99,3.40,-99,1065,1349,37,-99,11.67,-99,3.19,-99,0.91,-99,79,-99,4,-99,-99,treino_IP100_IT300_poi_matern5_2,IP100_IT300_poi_matern5_2
2,EMEP1403BN,3,1,BN,42,49,47,55,51,68,70,90,1648,2803,2097,3069,804,1501,0.2049,0.19,4.26,4.52,3376,4319,1730,-99,3.70,6.34,0.488,0.65,78.59,74.4,58,-99,82,-99,13,-99,3.54,-99,927,1224,34,-99,11.36,-99,3.17,-99,0.83,-99,79,-99,4,-99,-99,treino_IP100_IT300_poi_matern5_2,IP100_IT300_poi_matern5_2
3,EMEP1403BN,5,1,BN,37,51,42,54,46,68,64,90,2171,3993,2792,5140,1123,1964,0.1934,0.19,4.26,4.96,4241,5002,2070,-99,5.29,5.67,0.512,-99,77.78,77.6,79,-99,105,-99,12,-99,3.64,-99,1453,2306,50,-99,12.49,-99,2.98,-99,1.16,-99,73,-99,4,-99,-99,treino_IP100_IT300_poi_matern5_2,IP100_IT300_poi_matern5_2
4,EMEP1403BN,8,1,BN,37,41,41,51,45,57,63,84,1624,2630,2075,-99,827,1215,0.1963,0.21,4.26,4.94,3547,3092,1920,-99,4.47,6.14,0.458,-99,78.29,72.3,59,-99,84,-99,14,-99,3.61,-99,1209,2069,40,-99,12.19,-99,2.88,-99,1.14,-99,72,-99,4,-99,-99,treino_IP100_IT300_poi_matern5_2,IP100_IT300_poi_matern5_2
5,EMEP1403BN,9,1,BN,38,47,43,56,47,65,69,86,2002,2080,2535,3807,824,1151,0.2430,0.17,4.26,4.63,3995,3027,1990,-99,4.30,4.59,0.501,0.69,78.96,71.8,70,-99,99,-99,15,-99,3.52,-99,1234,2002,44,-99,12.02,-99,2.75,-99,0.98,-99,78,-99,4,-99,-99,treino_IP100_IT300_poi_matern5_2,IP100_IT300_poi_matern5_2
1,EMEP1403BN,2,1,BN,38,42,44,48,46,62,66,82,1792,1997,2284,2923,932,1258,0.1922,0.17,5.00,5.52,3122,3204,1330,-99,3.10,6.26,0.574,0.62,78.44,72.7,63,-99,82,-99,7,-99,3.52,-99,922,1349,32,-99,11.19,-99,2.88,-99,0.84,-99,75,-99,4,-99,-99,treino_IP100_IT300_ucb_exp,IP100_IT300_ucb_exp
2,EMEP1403BN,3,1,BN,40,49,47,55,48,68,66,90,1377,2803,1753,3069,776,1501,0.1774,0.19,5.00,4.52,2824,4319,1450,-99,2.79,6.34,0.487,0.65,78.53,74.4,49,-99,72,-99,12,-99,3.53,-99,889,1224,32,-99,11.15,-99,3.18,-99,0.81,-99,75,-99,4,-99,-99,treino_IP100_IT300_ucb_exp,IP100_IT300_ucb_exp
3,EMEP1403BN,5,1,BN,36,51,42,54,43,68,61,90,1739,3993,2228,5140,957,1964,0.1817,0.19,5.00,4.96,3560,5002,1820,-99,3.70,5.67,0.488,-99,78.06,77.6,62,-99,87,-99,13,-99,3.57,-99,1257,2306,42,-99,12.07,-99,3.05,-99,1.02,-99,70,-99,4,-99,-99,treino_IP100_IT300_ucb_exp,IP100_IT300_ucb_exp
4,EMEP1403BN,8,1,BN,35,41,41,51,42,57,60,84,1529,2630,1956,-99,895,1215,0.1708,0.21,5.00,4.94,3087,3092,1560,-99,3.18,6.14,0.495,-99,78.17,72.3,55,-99,76,-99,10,-99,3.60,-99,991,2069,31,-99,11.58,-99,2.91,-99,1.03,-99,69,-99,4,-99,-99,treino_IP100_IT300_ucb_exp,IP100_IT300_ucb_exp
5,EMEP1403BN,9,1,BN,36,47,43,56,44,65,65,86,2173,2080,2765,3807,1037,1151,0.2096,0.17,5.00,4.63,3524,3027,1350,-99,3.06,4.59,0.617,0.69,78.58,71.8,77,-99,101,-99,8,-99,3.56,-99,1036,2002,36,-99,11.55,-99,2.69,-99,0.92,-99,74,-99,4,-99,-99,treino_IP100_IT300_ucb_exp,IP100_IT300_ucb_exp
1,EMEP1403BN,2,1,BN,40,42,46,48,48,62,68,82,1495,1997,1892,2923,644,1258,0.2321,0.17,5.00,5.52,3270,3204,1780,-99,3.20,6.26,0.457,0.62,79.04,72.7,51,-99,78,-99,15,-99,3.42,-99,1087,1349,38,-99,11.79,-99,3.12,-99,0.89,-99,77,-99,4,-99,-99,treino_IP100_IT300_ucb_gauss,IP100_IT300_ucb_gauss
2,EMEP1403BN,3,1,BN,42,49,49,55,50,68,68,90,1473,2803,1869,3069,741,1501,0.1988,0.19,5.00,4.52,3155,4319,1680,-99,2.84,6.34,0.467,0.65,78.77,74.4,53,-99,77,-99,13,-99,3.59,-99,974,1224,35,-99,11.61,-99,3.06,-99,0.85,-99,77,-99,4,-99,-99,treino_IP100_IT300_ucb_gauss,IP100_IT300_ucb_gauss
3,EMEP1403BN,5,1,BN,38,51,44,54,45,68,63,90,1671,3993,2129,5140,788,1964,0.2121,0.19,5.00,4.96,3773,5002,2100,-99,3.68,5.67,0.443,-99,78.48,77.6,60,-99,89,-99,16,-99,3.61,-99,1432,2306,48,-99,12.61,-99,3.06,-99,1.07,-99,72,-99,4,-99,-99,treino_IP100_IT300_ucb_gauss,IP100_IT300_ucb_gauss
4,EMEP1403BN,8,1,BN,37,41,43,51,44,57,62,84,1516,2630,1928,-99,710,1215,0.2134,0.21,5.00,4.94,3361,3092,1850,-99,3.29,6.14,0.451,-99,78.64,72.3,55,-99,80,-99,14,-99,3.61,-99,1158,2069,38,-99,12.23,-99,2.89,-99,1.10,-99,71,-99,4,-99,-99,treino_IP100_IT300_ucb_gauss,IP100_IT300_ucb_gauss
5,EMEP1403BN,9,1,BN,38,47,45,56,46,65,68,86,1915,2080,2431,3807,749,1151,0.2555,0.17,5.00,4.63,3818,3027,1900,-99,3.14,4.59,0.501,0.69,78.77,71.8,68,-99,97,-99,15,-99,3.55,-99,1188,2002,42,-99,12.06,-99,2.69,-99,0.96,-99,77,-99,4,-99,-99,treino_IP100_IT300_ucb_gauss,IP100_IT300_ucb_gauss
1,EMEP1403BN,2,1,BN,34,42,37,48,42,62,62,82,1627,1997,2090,2923,938,1258,0.1734,0.17,5.00,5.52,2432,3204,810,-99,2.18,6.26,0.669,0.62,77.84,72.7,56,-99,70,-99,3,-99,3.46,-99,634,1349,22,-99,10.13,-99,3.00,-99,0.72,-99,71,-99,4,-99,-99,treino_IP100_IT300_ucb_matern3_2,IP100_IT300_ucb_matern3_2
2,EMEP1403BN,3,1,BN,36,49,38,55,44,68,62,90,1324,2803,1678,3069,716,1501,0.1850,0.19,5.00,4.52,2218,4319,890,-99,2.10,6.34,0.597,0.65,78.89,74.4,47,-99,63,-99,7,-99,3.52,-99,698,1224,23,-99,10.27,-99,3.14,-99,0.71,-99,71,-99,4,-99,-99,treino_IP100_IT300_ucb_matern3_2,IP100_IT300_ucb_matern3_2
3,EMEP1403BN,5,1,BN,32,51,35,54,40,68,58,90,1773,3993,2278,5140,1027,1964,0.1727,0.19,5.00,4.96,3041,5002,1270,-99,2.91,5.67,0.583,-99,77.86,77.6,64,-99,82,-99,7,-99,3.60,-99,897,2306,30,-99,11.07,-99,3.00,-99,0.88,-99,67,-99,4,-99,-99,treino_IP100_IT300_ucb_matern3_2,IP100_IT300_ucb_matern3_2
4,EMEP1403BN,8,1,BN,32,41,34,51,39,57,57,84,1122,2630,1410,-99,758,1215,0.1480,0.21,5.00,4.94,2510,3092,1390,-99,2.57,6.14,0.447,-99,79.54,72.3,39,-99,61,-99,13,-99,3.52,-99,740,2069,23,-99,10.81,-99,3.19,-99,0.95,-99,66,-99,4,-99,-99,treino_IP100_IT300_ucb_matern3_2,IP100_IT300_ucb_matern3_2
5,EMEP1403BN,9,1,BN,33,47,35,56,40,65,61,86,1381,2080,1752,3807,715,1151,0.1931,0.17,5.00,4.63,2653,3027,1270,-99,2.41,4.59,0.521,0.69,78.82,71.8,49,-99,75,-99,14,-99,3.53,-99,788,2002,28,-99,10.69,-99,2.75,-99,0.83,-99,70,-99,4,-99,-99,treino_IP100_IT300_ucb_matern3_2,IP100_IT300_ucb_matern3_2
1,EMEP1403BN,2,1,BN,39,42,41,48,46,62,67,82,1601,1997,2038,2923,795,1258,0.2015,0.17,5.00,5.52,3034,3204,1430,-99,3.04,6.26,0.528,0.62,78.56,72.7,56,-99,78,-99,11,-99,3.48,-99,1002,1349,35,-99,11.44,-99,2.96,-99,0.87,-99,76,-99,4,-99,-99,treino_IP100_IT300_ucb_matern5_2,IP100_IT300_ucb_matern5_2
2,EMEP1403BN,3,1,BN,41,49,44,55,49,68,67,90,1545,2803,1967,3069,873,1501,0.1769,0.19,5.00,4.52,2894,4319,1350,-99,2.77,6.34,0.534,0.65,78.52,74.4,55,-99,75,-99,10,-99,3.55,-99,900,1224,33,-99,11.27,-99,3.14,-99,0.82,-99,76,-99,4,-99,-99,treino_IP100_IT300_ucb_matern5_2,IP100_IT300_ucb_matern5_2
3,EMEP1403BN,5,1,BN,36,51,39,54,44,68,62,90,1899,3993,2431,5140,995,1964,0.1909,0.19,5.00,4.96,3639,5002,1740,-99,3.62,5.67,0.522,-99,78.12,77.6,66,-99,90,-99,12,-99,3.49,-99,1264,2306,43,-99,12.21,-99,3.22,-99,1.03,-99,71,-99,4,-99,-99,treino_IP100_IT300_ucb_matern5_2,IP100_IT300_ucb_matern5_2
4,EMEP1403BN,8,1,BN,36,41,38,51,43,57,61,84,1369,2630,1751,-99,827,1215,0.1655,0.21,5.00,4.94,3038,3092,1670,-99,3.16,6.14,0.451,-99,78.17,72.3,48,-99,73,-99,15,-99,3.51,-99,1084,2069,35,-99,11.84,-99,3.13,-99,1.05,-99,70,-99,4,-99,-99,treino_IP100_IT300_ucb_matern5_2,IP100_IT300_ucb_matern5_2
5,EMEP1403BN,9,1,BN,37,47,40,56,45,65,66,86,2085,2080,2679,3807,978,1151,0.2132,0.17,5.00,4.63,3511,3027,1430,-99,3.08,4.59,0.594,0.69,77.83,71.8,74,-99,98,-99,10,-99,3.55,-99,1130,2002,39,-99,11.80,-99,2.70,-99,0.94,-99,75,-99,4,-99,-99,treino_IP100_IT300_ucb_matern5_2,IP100_IT300_ucb_matern5_2
1,EMEP1403BN,2,1,BN,34,42,36,48,41,62,64,82,1540,1997,1979,2923,878,1258,0.1754,0.17,5.00,5.52,2329,3204,790,-99,2.23,6.26,0.661,0.62,77.78,72.7,53,-99,66,-99,3,-99,3.46,-99,524,1349,18,-99,10.06,-99,3.02,-99,0.70,-99,73,-99,4,-99,-99,treino_IP200_IT300_ei_exp,IP200_IT300_ei_exp
2,EMEP1403BN,3,1,BN,35,49,38,55,44,68,64,90,1131,2803,1431,3069,614,1501,0.1842,0.19,5.00,4.52,2031,4319,900,-99,2.17,6.34,0.557,0.65,78.99,74.4,41,-99,57,-99,8,-99,3.59,-99,558,1224,19,-99,10.00,-99,2.97,-99,0.68,-99,73,-99,4,-99,-99,treino_IP200_IT300_ei_exp,IP200_IT300_ei_exp
3,EMEP1403BN,5,1,BN,31,51,34,54,39,68,59,90,1895,3993,2434,5140,1207,1964,0.1569,0.19,5.00,4.96,3042,5002,1150,-99,3.11,5.67,0.623,-99,77.86,77.6,66,-99,83,-99,5,-99,3.48,-99,751,2306,25,-99,11.00,-99,3.26,-99,0.90,-99,68,-99,4,-99,-99,treino_IP200_IT300_ei_exp,IP200_IT300_ei_exp
4,EMEP1403BN,8,1,BN,31,41,34,51,38,57,58,84,1119,2630,1409,-99,648,1215,0.1726,0.21,5.00,4.94,2339,3092,1220,-99,2.47,6.14,0.478,-99,79.40,72.3,40,-99,59,-99,12,-99,3.55,-99,644,2069,19,-99,10.52,-99,3.12,-99,0.92,-99,67,-99,4,-99,-99,treino_IP200_IT300_ei_exp,IP200_IT300_ei_exp
5,EMEP1403BN,9,1,BN,32,47,34,56,40,65,63,86,1241,2080,1575,3807,665,1151,0.1867,0.17,5.00,4.63,2519,3027,1280,-99,2.45,4.59,0.493,0.69,78.81,71.8,44,-99,70,-99,15,-99,3.53,-99,635,2002,22,-99,10.44,-99,2.75,-99,0.81,-99,72,-99,4,-99,-99,treino_IP200_IT300_ei_exp,IP200_IT300_ei_exp
1,EMEP1403BN,2,1,BN,35,42,37,48,42,62,63,82,1325,1997,1716,2923,738,1258,0.1797,0.17,5.00,5.52,2299,3204,970,-99,2.44,6.26,0.576,0.62,77.24,72.7,46,-99,61,-99,6,-99,3.45,-99,587,1349,20,-99,10.31,-99,3.03,-99,0.72,-99,72,-99,4,-99,-99,treino_IP200_IT300_ei_gauss,IP200_IT300_ei_gauss
2,EMEP1403BN,3,1,BN,36,49,39,55,45,68,63,90,1239,2803,1572,3069,657,1501,0.1888,0.19,5.00,4.52,2057,4319,820,-99,2.27,6.34,0.603,0.65,78.82,74.4,44,-99,59,-99,6,-99,3.56,-99,587,1224,19,-99,10.20,-99,3.05,-99,0.70,-99,72,-99,4,-99,-99,treino_IP200_IT300_ei_gauss,IP200_IT300_ei_gauss
3,EMEP1403BN,5,1,BN,32,51,35,54,40,68,58,90,1748,3993,2277,5140,1072,1964,0.1630,0.19,5.00,4.96,2986,5002,1240,-99,3.34,5.67,0.585,-99,76.76,77.6,63,-99,81,-99,7,-99,3.58,-99,813,2306,28,-99,11.20,-99,3.04,-99,0.92,-99,67,-99,4,-99,-99,treino_IP200_IT300_ei_gauss,IP200_IT300_ei_gauss
4,EMEP1403BN,8,1,BN,32,41,34,51,39,57,57,84,1137,2630,1456,-99,770,1215,0.1478,0.21,5.00,4.94,2408,3092,1270,-99,2.83,6.14,0.472,-99,78.14,72.3,40,-99,60,-99,11,-99,3.52,-99,653,2069,20,-99,10.82,-99,3.17,-99,0.96,-99,66,-99,4,-99,-99,treino_IP200_IT300_ei_gauss,IP200_IT300_ei_gauss
5,EMEP1403BN,9,1,BN,33,47,35,56,40,65,62,86,1309,2080,1659,3807,683,1151,0.1918,0.17,5.00,4.63,2559,3027,1250,-99,2.68,4.59,0.512,0.69,78.92,71.8,46,-99,71,-99,14,-99,3.53,-99,698,2002,24,-99,10.68,-99,2.74,-99,0.82,-99,71,-99,4,-99,-99,treino_IP200_IT300_ei_gauss,IP200_IT300_ei_gauss
1,EMEP1403BN,2,1,BN,38,42,44,48,45,62,66,82,1640,1997,2078,2923,734,1258,0.2234,0.17,5.00,5.52,3079,3204,1440,-99,3.14,6.26,0.533,0.62,78.93,72.7,57,-99,79,-99,10,-99,3.46,-99,873,1349,30,-99,11.12,-99,3.02,-99,0.82,-99,75,-99,4,-99,-99,treino_IP200_IT300_ei_matern3_2,IP200_IT300_ei_matern3_2
2,EMEP1403BN,3,1,BN,40,49,47,55,48,68,66,90,1540,2803,1962,3069,756,1501,0.2037,0.19,5.00,4.52,2900,4319,1360,-99,2.85,6.34,0.531,0.65,78.48,74.4,54,-99,75,-99,10,-99,3.52,-99,841,1224,30,-99,11.14,-99,3.20,-99,0.80,-99,75,-99,4,-99,-99,treino_IP200_IT300_ei_matern3_2,IP200_IT300_ei_matern3_2
3,EMEP1403BN,5,1,BN,35,51,42,54,43,68,61,90,1749,3993,2224,5140,848,1964,0.2062,0.19,5.00,4.96,3598,5002,1850,-99,3.89,5.67,0.486,-99,78.64,77.6,63,-99,89,-99,13,-99,3.62,-99,1139,2306,39,-99,12.04,-99,2.98,-99,1.03,-99,70,-99,4,-99,-99,treino_IP200_IT300_ei_matern3_2,IP200_IT300_ei_matern3_2
4,EMEP1403BN,8,1,BN,35,41,41,51,42,57,60,84,1558,2630,1985,-99,788,1215,0.1976,0.21,5.00,4.94,3104,3092,1550,-99,3.28,6.14,0.502,-99,78.48,72.3,56,-99,78,-99,10,-99,3.61,-99,951,2069,30,-99,11.67,-99,2.92,-99,1.05,-99,69,-99,4,-99,-99,treino_IP200_IT300_ei_matern3_2,IP200_IT300_ei_matern3_2
5,EMEP1403BN,9,1,BN,36,47,43,56,44,65,65,86,2053,2080,2614,3807,849,1151,0.2418,0.17,5.00,4.63,3503,3027,1450,-99,3.21,4.59,0.586,0.69,78.52,71.8,73,-99,98,-99,10,-99,3.54,-99,1006,2002,35,-99,11.64,-99,2.72,-99,0.92,-99,74,-99,4,-99,-99,treino_IP200_IT300_ei_matern3_2,IP200_IT300_ei_matern3_2
1,EMEP1403BN,2,1,BN,34,42,37,48,41,62,66,82,1743,1997,2219,2923,986,1258,0.1768,0.17,5.00,5.52,2646,3204,900,-99,2.23,6.26,0.659,0.62,78.52,72.7,60,-99,74,-99,4,-99,3.44,-99,596,1349,21,-99,10.14,-99,3.05,-99,0.72,-99,75,-99,4,-99,-99,treino_IP200_IT300_ei_matern5_2,IP200_IT300_ei_matern5_2
2,EMEP1403BN,3,1,BN,35,49,38,55,44,68,66,90,1093,2803,1384,3069,641,1501,0.1704,0.19,5.00,4.52,2164,4319,1070,-99,2.03,6.34,0.505,0.65,78.94,74.4,39,-99,57,-99,10,-99,3.55,-99,588,1224,20,-99,9.95,-99,3.04,-99,0.67,-99,75,-99,4,-99,-99,treino_IP200_IT300_ei_matern5_2,IP200_IT300_ei_matern5_2
3,EMEP1403BN,5,1,BN,31,51,34,54,39,68,61,90,2062,3993,2637,5140,1201,1964,0.1717,0.19,5.00,4.96,3332,5002,1270,-99,3.00,5.67,0.619,-99,78.21,77.6,73,-99,90,-99,6,-99,3.53,-99,834,2306,28,-99,10.98,-99,3.15,-99,0.89,-99,70,-99,4,-99,-99,treino_IP200_IT300_ei_matern5_2,IP200_IT300_ei_matern5_2
4,EMEP1403BN,8,1,BN,31,41,34,51,38,57,60,84,1181,2630,1486,-99,715,1215,0.1653,0.21,5.00,4.94,2617,3092,1440,-99,2.50,6.14,0.452,-99,79.51,72.3,42,-99,63,-99,14,-99,3.53,-99,720,2069,21,-99,10.55,-99,3.15,-99,0.91,-99,69,-99,4,-99,-99,treino_IP200_IT300_ei_matern5_2,IP200_IT300_ei_matern5_2
5,EMEP1403BN,9,1,BN,32,47,35,56,39,65,65,86,1965,2080,2572,3807,1112,1151,0.1768,0.17,5.00,4.63,3017,3027,1050,-99,2.43,4.59,0.651,0.69,76.38,71.8,70,-99,88,-99,5,-99,3.56,-99,713,2002,25,-99,10.44,-99,2.72,-99,0.81,-99,74,-99,4,-99,-99,treino_IP200_IT300_ei_matern5_2,IP200_IT300_ei_matern5_2
1,EMEP1403BN,2,1,BN,38,42,41,48,47,62,68,82,1684,1997,2141,2923,789,1258,0.2134,0.17,4.39,5.52,3257,3204,1570,-99,3.77,6.26,0.517,0.62,78.67,72.7,58,-99,81,-99,12,-99,3.45,-99,898,1349,31,-99,11.18,-99,3.05,-99,0.85,-99,77,-99,4,-99,-99,treino_IP200_IT300_poi_exp,IP200_IT300_poi_exp
2,EMEP1403BN,3,1,BN,40,49,44,55,49,68,67,90,1727,2803,2192,3069,766,1501,0.2254,0.19,4.39,4.52,3108,4319,1380,-99,3.39,6.34,0.556,0.65,78.81,74.4,59,-99,79,-99,9,-99,3.42,-99,857,1224,31,-99,10.96,-99,3.42,-99,0.80,-99,76,-99,4,-99,-99,treino_IP200_IT300_poi_exp,IP200_IT300_poi_exp
3,EMEP1403BN,5,1,BN,36,51,39,54,44,68,62,90,1845,3993,2332,5140,880,1964,0.2095,0.19,4.39,4.96,3953,5002,2110,-99,4.94,5.67,0.467,-99,79.09,77.6,66,-99,94,-99,16,-99,3.56,-99,1346,2306,46,-99,12.04,-99,3.14,-99,1.06,-99,71,-99,4,-99,-99,treino_IP200_IT300_poi_exp,IP200_IT300_poi_exp
4,EMEP1403BN,8,1,BN,35,41,38,51,43,57,61,84,1518,2630,1921,-99,737,1215,0.2061,0.21,4.39,4.94,3284,3092,1770,-99,4.07,6.14,0.462,-99,79.06,72.3,54,-99,78,-99,13,-99,3.57,-99,1027,2069,32,-99,11.65,-99,3.00,-99,1.08,-99,70,-99,4,-99,-99,treino_IP200_IT300_poi_exp,IP200_IT300_poi_exp
5,EMEP1403BN,9,1,BN,36,47,39,56,45,65,66,86,2026,2080,2568,3807,817,1151,0.2481,0.17,4.39,4.63,3738,3027,1710,-99,3.97,4.59,0.542,0.69,78.92,71.8,71,-99,97,-99,13,-99,3.52,-99,1061,2002,37,-99,11.64,-99,2.75,-99,0.92,-99,75,-99,4,-99,-99,treino_IP200_IT300_poi_exp,IP200_IT300_poi_exp
1,EMEP1403BN,2,1,BN,42,42,47,48,52,62,76,82,2201,1997,2783,2923,984,1258,0.2235,0.17,5.00,5.52,4217,3204,2020,-99,4.57,6.26,0.522,0.62,79.07,72.7,77,-99,106,-99,15,-99,3.52,-99,1229,1349,41,-99,11.93,-99,2.96,-99,0.93,-99,85,-99,4,-99,-99,treino_IP200_IT300_poi_gauss,IP200_IT300_poi_gauss
2,EMEP1403BN,3,1,BN,44,49,50,55,55,68,75,90,2048,2803,2632,3069,1075,1501,0.1906,0.19,5.00,4.52,3925,4319,1880,-99,3.97,6.34,0.522,0.65,77.80,74.4,74,-99,98,-99,11,-99,3.61,-99,1037,1224,37,-99,11.67,-99,3.04,-99,0.87,-99,84,-99,4,-99,-99,treino_IP200_IT300_poi_gauss,IP200_IT300_poi_gauss
3,EMEP1403BN,5,1,BN,39,51,44,54,49,68,70,90,2306,3993,2942,5140,1186,1964,0.1945,0.19,5.00,4.96,4746,5002,2440,-99,5.57,5.67,0.486,-99,78.39,77.6,85,-99,116,-99,17,-99,3.67,-99,1661,2306,56,-99,13.04,-99,2.97,-99,1.22,-99,79,-99,4,-99,-99,treino_IP200_IT300_poi_gauss,IP200_IT300_poi_gauss
4,EMEP1403BN,8,1,BN,38,41,43,51,48,57,70,84,1933,2630,2449,-99,990,1215,0.1952,0.21,5.00,4.94,4120,3092,2190,-99,4.81,6.14,0.469,-99,78.92,72.3,69,-99,98,-99,17,-99,3.57,-99,1291,2069,43,-99,12.50,-99,2.91,-99,1.19,-99,79,-99,4,-99,-99,treino_IP200_IT300_poi_gauss,IP200_IT300_poi_gauss
5,EMEP1403BN,9,1,BN,40,47,45,56,50,65,75,86,2383,2080,3064,3807,1108,1151,0.2151,0.17,5.00,4.63,4600,3027,2220,-99,4.62,4.59,0.518,0.69,77.77,71.8,85,-99,113,-99,13,-99,3.56,-99,1399,2002,49,-99,12.42,-99,2.73,-99,1.04,-99,84,-99,4,-99,-99,treino_IP200_IT300_poi_gauss,IP200_IT300_poi_gauss
1,EMEP1403BN,2,1,BN,41,42,46,48,50,62,71,82,1866,1997,2364,2923,811,1258,0.2301,0.17,4.31,5.52,3769,3204,1900,-99,4.46,6.26,0.495,0.62,78.96,72.7,65,-99,91,-99,13,-99,3.50,-99,1151,1349,38,-99,11.89,-99,3.00,-99,0.95,-99,80,-99,4,-99,-99,treino_IP200_IT300_poi_matern3_2,IP200_IT300_poi_matern3_2
2,EMEP1403BN,3,1,BN,43,49,48,55,53,68,71,90,1641,2803,2077,3069,806,1501,0.2036,0.19,4.31,4.52,3492,4319,1850,-99,3.90,6.34,0.470,0.65,79.05,74.4,58,-99,84,-99,14,-99,3.54,-99,953,1224,35,-99,11.61,-99,3.17,-99,0.85,-99,80,-99,4,-99,-99,treino_IP200_IT300_poi_matern3_2,IP200_IT300_poi_matern3_2
3,EMEP1403BN,5,1,BN,38,51,43,54,47,68,65,90,2199,3993,2804,5140,1074,1964,0.2048,0.19,4.31,4.96,4376,5002,2180,-99,5.49,5.67,0.503,-99,78.42,77.6,80,-99,107,-99,13,-99,3.66,-99,1559,2306,53,-99,12.74,-99,2.97,-99,1.18,-99,74,-99,4,-99,-99,treino_IP200_IT300_poi_matern3_2,IP200_IT300_poi_matern3_2
4,EMEP1403BN,8,1,BN,38,41,42,51,46,57,65,84,1692,2630,2165,-99,907,1215,0.1865,0.21,4.31,4.94,3733,3092,2040,-99,4.70,6.14,0.453,-99,78.15,72.3,61,-99,87,-99,14,-99,3.60,-99,1313,2069,44,-99,12.46,-99,2.88,-99,1.18,-99,74,-99,4,-99,-99,treino_IP200_IT300_poi_matern3_2,IP200_IT300_poi_matern3_2
5,EMEP1403BN,9,1,BN,39,47,44,56,48,65,70,86,2095,2080,2682,3807,897,1151,0.2335,0.17,4.31,4.63,4150,3027,2050,-99,4.51,4.59,0.505,0.69,78.14,71.8,74,-99,103,-99,15,-99,3.54,-99,1328,2002,47,-99,12.21,-99,2.72,-99,1.01,-99,79,-99,4,-99,-99,treino_IP200_IT300_poi_matern3_2,IP200_IT300_poi_matern3_2
1,EMEP1403BN,2,1,BN,34,42,39,48,42,62,62,82,1400,1997,1784,2923,583,1258,0.2400,0.17,5.00,5.52,2624,3204,1220,-99,2.53,6.26,0.533,0.62,78.47,72.7,49,-99,68,-99,9,-99,3.48,-99,639,1349,22,-99,10.32,-99,2.95,-99,0.74,-99,71,-99,4,-99,-99,treino_IP200_IT300_poi_matern5_2,IP200_IT300_poi_matern5_2
2,EMEP1403BN,3,1,BN,36,49,42,55,44,68,62,90,1374,2803,1747,3069,602,1501,0.2281,0.19,5.00,4.52,2429,4319,1060,-99,2.31,6.34,0.566,0.65,78.63,74.4,49,-99,66,-99,7,-99,3.54,-99,701,1224,23,-99,10.37,-99,3.14,-99,0.73,-99,71,-99,4,-99,-99,treino_IP200_IT300_poi_matern5_2,IP200_IT300_poi_matern5_2
3,EMEP1403BN,5,1,BN,32,51,37,54,39,68,57,90,1478,3993,1878,5140,669,1964,0.2209,0.19,5.00,4.96,3054,5002,1580,-99,3.13,5.67,0.484,-99,78.69,77.6,53,-99,75,-99,12,-99,3.56,-99,903,2306,30,-99,11.17,-99,3.10,-99,0.91,-99,66,-99,4,-99,-99,treino_IP200_IT300_poi_matern5_2,IP200_IT300_poi_matern5_2
4,EMEP1403BN,8,1,BN,32,41,37,51,39,57,56,84,1277,2630,1623,-99,588,1215,0.2173,0.21,5.00,4.94,2683,3092,1410,-99,2.70,6.14,0.476,-99,78.73,72.3,46,-99,65,-99,10,-99,3.58,-99,754,2069,23,-99,10.89,-99,2.97,-99,0.94,-99,65,-99,4,-99,-99,treino_IP200_IT300_poi_matern5_2,IP200_IT300_poi_matern5_2
5,EMEP1403BN,9,1,BN,32,47,38,56,40,65,61,86,1790,2080,2287,3807,647,1151,0.2768,0.17,5.00,4.63,3003,3027,1210,-99,2.57,4.59,0.596,0.69,78.27,71.8,64,-99,85,-99,8,-99,3.56,-99,732,2002,25,-99,10.75,-99,2.69,-99,0.83,-99,70,-99,4,-99,-99,treino_IP200_IT300_poi_matern5_2,IP200_IT300_poi_matern5_2
1,EMEP1403BN,2,1,BN,48,42,50,48,56,62,76,82,1661,1997,2092,2923,966,1258,0.1720,0.17,5.00,5.52,4093,3204,2430,-99,5.01,6.26,0.406,0.62,79.39,72.7,58,-99,91,-99,22,-99,3.49,-99,1740,1349,56,-99,13.42,-99,3.02,-99,1.17,-99,85,-99,4,-99,-99,treino_IP200_IT300_ucb_exp,IP200_IT300_ucb_exp
2,EMEP1403BN,3,1,BN,50,49,53,55,58,68,76,90,2349,2803,3018,3069,1591,1501,0.1476,0.19,5.00,4.52,4155,4319,1810,-99,4.32,6.34,0.565,0.65,77.85,74.4,81,-99,105,-99,10,-99,3.45,-99,1556,1224,52,-99,13.16,-99,3.37,-99,1.04,-99,85,-99,4,-99,-99,treino_IP200_IT300_ucb_exp,IP200_IT300_ucb_exp
3,EMEP1403BN,5,1,BN,45,51,47,54,53,68,70,90,1776,3993,2333,5140,1321,1964,0.1344,0.19,5.00,4.96,4611,5002,2830,-99,5.77,5.67,0.385,-99,76.14,77.6,63,-99,98,-99,22,-99,3.54,-99,2169,2306,71,-99,14.47,-99,3.28,-99,1.42,-99,79,-99,4,-99,-99,treino_IP200_IT300_ucb_exp,IP200_IT300_ucb_exp
4,EMEP1403BN,8,1,BN,44,41,47,51,51,57,70,84,1555,2630,1972,-99,918,1215,0.1694,0.21,5.00,4.94,3989,3092,2430,-99,5.03,6.14,0.390,-99,78.88,72.3,55,-99,89,-99,23,-99,3.55,-99,1757,2069,58,-99,14.04,-99,3.00,-99,1.36,-99,79,-99,4,-99,-99,treino_IP200_IT300_ucb_exp,IP200_IT300_ucb_exp
5,EMEP1403BN,9,1,BN,46,47,49,56,55,65,75,86,1876,2080,2364,3807,1021,1151,0.1837,0.17,5.00,4.63,4388,3027,2510,-99,4.90,4.59,0.427,0.69,79.33,71.8,64,-99,101,-99,24,-99,3.42,-99,1891,2002,64,-99,13.81,-99,3.02,-99,1.17,-99,84,-99,4,-99,-99,treino_IP200_IT300_ucb_exp,IP200_IT300_ucb_exp
1,EMEP1403BN,2,1,BN,48,42,50,48,56,62,76,82,1662,1997,2093,2923,953,1258,0.1743,0.17,5.00,5.52,4039,3204,2380,-99,5.02,6.26,0.411,0.62,79.41,72.7,58,-99,91,-99,21,-99,3.52,-99,1754,1349,56,-99,13.38,-99,2.97,-99,1.17,-99,85,-99,4,-99,-99,treino_IP200_IT300_ucb_gauss,IP200_IT300_ucb_gauss
2,EMEP1403BN,3,1,BN,50,49,53,55,58,68,76,90,2316,2803,2978,3069,1584,1501,0.1462,0.19,5.00,4.52,4128,4319,1810,-99,4.35,6.34,0.561,0.65,77.77,74.4,80,-99,104,-99,10,-99,3.45,-99,1570,1224,53,-99,13.10,-99,3.37,-99,1.04,-99,85,-99,4,-99,-99,treino_IP200_IT300_ucb_gauss,IP200_IT300_ucb_gauss
3,EMEP1403BN,5,1,BN,45,51,47,54,53,68,70,90,1805,3993,2368,5140,1324,1964,0.1363,0.19,5.00,4.96,4634,5002,2830,-99,5.86,5.67,0.389,-99,76.22,77.6,64,-99,99,-99,22,-99,3.55,-99,2222,2306,73,-99,14.44,-99,3.25,-99,1.42,-99,79,-99,4,-99,-99,treino_IP200_IT300_ucb_gauss,IP200_IT300_ucb_gauss
4,EMEP1403BN,8,1,BN,44,41,47,51,51,57,70,84,1623,2630,2058,-99,946,1215,0.1716,0.21,5.00,4.94,4042,3092,2420,-99,5.16,6.14,0.401,-99,78.84,72.3,58,-99,91,-99,22,-99,3.55,-99,1817,2069,60,-99,14.00,-99,2.98,-99,1.36,-99,79,-99,4,-99,-99,treino_IP200_IT300_ucb_gauss,IP200_IT300_ucb_gauss
5,EMEP1403BN,9,1,BN,46,47,49,56,55,65,75,86,1943,2080,2528,3807,1140,1151,0.1705,0.17,5.00,4.63,4377,3027,2430,-99,4.92,4.59,0.444,0.69,76.85,71.8,67,-99,102,-99,21,-99,3.42,-99,1919,2002,66,-99,13.77,-99,3.01,-99,1.17,-99,84,-99,4,-99,-99,treino_IP200_IT300_ucb_gauss,IP200_IT300_ucb_gauss
1,EMEP1403BN,2,1,BN,48,42,50,48,56,62,76,82,1636,1997,2060,2923,950,1258,0.1721,0.17,5.00,5.52,4014,3204,2380,-99,5.01,6.26,0.408,0.62,79.39,72.7,57,-99,90,-99,21,-99,3.48,-99,1691,1349,54,-99,13.39,-99,3.04,-99,1.16,-99,85,-99,4,-99,-99,treino_IP200_IT300_ucb_matern3_2,IP200_IT300_ucb_matern3_2
2,EMEP1403BN,3,1,BN,50,49,53,55,58,68,76,90,2236,2803,2867,3069,1432,1501,0.1562,0.19,5.00,4.52,4043,4319,1810,-99,4.33,6.34,0.553,0.65,78.00,74.4,78,-99,102,-99,10,-99,3.51,-99,1508,1224,50,-99,13.13,-99,3.26,-99,1.04,-99,85,-99,4,-99,-99,treino_IP200_IT300_ucb_matern3_2,IP200_IT300_ucb_matern3_2
3,EMEP1403BN,5,1,BN,45,51,47,54,53,68,70,90,1790,3993,2351,5140,1303,1964,0.1374,0.19,5.00,4.96,4557,5002,2770,-99,5.81,5.67,0.393,-99,76.15,77.6,64,-99,98,-99,22,-99,3.55,-99,2130,2306,70,-99,14.46,-99,3.26,-99,1.42,-99,79,-99,4,-99,-99,treino_IP200_IT300_ucb_matern3_2,IP200_IT300_ucb_matern3_2
4,EMEP1403BN,8,1,BN,44,41,47,51,51,57,70,84,1606,2630,2039,-99,936,1215,0.1716,0.21,5.00,4.94,3916,3092,2310,-99,5.08,6.14,0.410,-99,78.75,72.3,57,-99,89,-99,21,-99,3.53,-99,1725,2069,57,-99,14.02,-99,3.02,-99,1.36,-99,79,-99,4,-99,-99,treino_IP200_IT300_ucb_matern3_2,IP200_IT300_ucb_matern3_2
5,EMEP1403BN,9,1,BN,46,47,49,56,55,65,75,86,1861,2080,2346,3807,1004,1151,0.1854,0.17,5.00,4.63,4306,3027,2450,-99,4.90,4.59,0.432,0.69,79.30,71.8,63,-99,99,-99,23,-99,3.38,-99,1841,2002,63,-99,13.80,-99,3.11,-99,1.17,-99,84,-99,4,-99,-99,treino_IP200_IT300_ucb_matern3_2,IP200_IT300_ucb_matern3_2
1,EMEP1403BN,2,1,BN,48,42,51,48,56,62,77,82,1655,1997,2083,2923,958,1258,0.1728,0.17,5.00,5.52,4070,3204,2410,-99,4.88,6.26,0.407,0.62,79.46,72.7,59,-99,90,-99,21,-99,3.53,-99,1774,1349,57,-99,13.34,-99,2.93,-99,1.16,-99,86,-99,4,-99,-99,treino_IP200_IT300_ucb_matern5_2,IP200_IT300_ucb_matern5_2
2,EMEP1403BN,3,1,BN,51,49,53,55,58,68,76,90,2235,2803,2850,3069,1440,1501,0.1552,0.19,5.00,4.52,4166,4319,1930,-99,4.34,6.34,0.537,0.65,78.45,74.4,77,-99,102,-99,11,-99,3.47,-99,1707,1224,57,-99,13.15,-99,3.35,-99,1.06,-99,85,-99,4,-99,-99,treino_IP200_IT300_ucb_matern5_2,IP200_IT300_ucb_matern5_2
3,EMEP1403BN,5,1,BN,45,51,47,54,53,68,70,90,1832,3993,2400,5140,1342,1964,0.1365,0.19,5.00,4.96,4668,5002,2840,-99,5.89,5.67,0.392,-99,76.34,77.6,65,-99,100,-99,22,-99,3.55,-99,2271,2306,75,-99,14.42,-99,3.26,-99,1.43,-99,79,-99,4,-99,-99,treino_IP200_IT300_ucb_matern5_2,IP200_IT300_ucb_matern5_2
4,EMEP1403BN,8,1,BN,44,41,47,51,51,57,70,84,1619,2630,2052,-99,950,1215,0.1705,0.21,5.00,4.94,4082,3092,2460,-99,5.09,6.14,0.397,-99,78.88,72.3,58,-99,91,-99,22,-99,3.56,-99,1870,2069,62,-99,13.99,-99,2.96,-99,1.37,-99,79,-99,4,-99,-99,treino_IP200_IT300_ucb_matern5_2,IP200_IT300_ucb_matern5_2
5,EMEP1403BN,9,1,BN,46,47,49,56,55,65,75,86,1776,2080,2239,3807,1009,1151,0.1761,0.17,5.00,4.63,4380,3027,2600,-99,4.92,4.59,0.405,0.69,79.31,71.8,60,-99,97,-99,24,-99,3.40,-99,1965,2002,67,-99,13.75,-99,3.05,-99,1.17,-99,84,-99,4,-99,-99,treino_IP200_IT300_ucb_matern5_2,IP200_IT300_ucb_matern5_2
